Group,Bond,DeltaHf298_kJ_per_mol
Aluminum,Al-Al,186(9)
Aluminum,Al-As,180
Aluminum,Al-Au,326(6)
Aluminum,Al-Br,439(8)
Aluminum,Al-Cl,255
Aluminum,AlCl-Cl,494(13)
Aluminum,AlCl2-Cl,402(8)
Aluminum,AlO-Cl,372(8)
Aluminum,Al-Cu,515(84)
Aluminum,Al-D,216(10)
Aluminum,Al-F,291
Aluminum,AlF-F,664(6)
Aluminum,AlF2-F,546(42)
Aluminum,AlO-F,544(46)
Aluminum,Al-H,761(42)
Aluminum,Al-I,285(6)
Aluminum,Al-Li,368(4)
Aluminum,Al-N,176(15)
Aluminum,Al-O,297(96)
Aluminum,AlCl-O,512(4)
Aluminum,AlF-O,540(41)
Aluminum,Al-P,582
Aluminum,Al-Pd,213(13)
Aluminum,Al-S,259(12)
Aluminum,Al-Se,374(8)
Aluminum,Al-Si,334(10)
Aluminum,Al-Te,251(3)
Aluminum,Al-U,268(10)
Aluminum,Al-U2,326(29)
Antimony,Sb-Sb,299(6)
Antimony,Sb-Br,314(59)
Antimony,Sb-Cl,360(50)
Antimony,Sb-F,439(96)
Antimony,Sb-N,301(50)
Antimony,Sb-O,372(84)
Antimony,Sb-P,357
Antimony,Sb-S,379
Antimony,Sb-Te,277.4(38)
Arsenic,As-As,382(11)
Arsenic,As-Cl,448
Arsenic,As-Ga,209.6(12)
Arsenic,As-H,272(12)
Arsenic,As-N,582(126)
Arsenic,As-O,481(8)
Arsenic,As-P,534(13)
Arsenic,As-S,(478)
Arsenic,As-Se,96
Arsenic,As-Tl,198(15)
Astatine,At-At,(115.9)
Barium,Ba-Br,370(8)
Barium,Ba-Cl,444(13)
Barium,Ba-F,487(7)
Barium,Ba-I,>431(4)
Barium,Ba-O,563(42)
Barium,Ba-OH,477(42)
Barium,Ba-S,400(19)
Beryllium,Be-Be,59
Beryllium,Be-Br,381(84)
Beryllium,Be-Cl,388(9)
Beryllium,BeCl-Cl,540(63)
Beryllium,Be-F,577(42)
Beryllium,Be-H,226(21)
Beryllium,Be-O,448(21)
Beryllium,Be-S,372(59)
Bismuth,Bi-Bi,197(4)
Bismuth,Bi-Br,267(4)
Bismuth,Bi-Cl,305(8)
Bismuth,Bi-D,284
Bismuth,Bi-F,259(29)
Bismuth,Bi-Ga,159(17)
Bismuth,Bi-H,279
Bismuth,Bi-O,343(6)
Bismuth,Bi-P,280(13)
Bismuth,Bi-Pb,142(15)
Bismuth,Bi-S,316(5)
Bismuth,Bi-Sb,251(4)
Bismuth,Bi-Se,280(6)
Bismuth,Bi-Te,232(11)
Bismuth,Bi-Tl,121(13)
Boron,B-B,297(21)
Boron,H3B-BH3,146
Boron,OB-BO,506(84)
Boron,B-Br,435(21)
Boron,B-C,448(29)
Boron,B-Cl,536(29)
Boron,BO-Cl,460(42)
Boron,B-D,341(6)
Boron,B-F,766(13)
Boron,BF-F,523(63)
Boron,BF2-F,557(84)
Boron,B-H,330(4)
Boron,B-I,384(21)
Boron,B-N,389(21)
Boron,B-O,806(5)
Boron,BCl-O,715(41)
Boron,B-P,347(17)
Boron,B-S,581(9)
Boron,B-Se,462(15)
Boron,B-Si,289(29)
Boron,B-Te,354(20)
Bromine,Br-Br,193.870(4)
Bromine,Br-C,280(21)
Bromine,Br-CH3,284(8)
Bromine,Br-CH2Br,255(13)
Bromine,Br-CHBr2,259(17)
Bromine,Br-CBr3,209(13)
Bromine,Br-CCl3,218(13)
Bromine,Br-CF3,285(13)
Bromine,Br-CF2CF3,287.4(63)
Bromine,Br-CF2CF2CF3,278.2(63)
Bromine,Br-CHF2,289
Bromine,Br-Cl,218.84(4)
Bromine,Br-CN,381
Bromine,Br-CO-C6H5,268
Bromine,Br-F,233.8(2)
Bromine,Br-N,276(21)
Bromine,Br-NF2,222
Bromine,Br-NO,120.1(63)
Bromine,Br-O,235.1(4)
Cadmium,Cd-Cd,11.3(8)
Cadmium,Cd-Br,159(96)
Cadmium,Cd-Cl,206.7(34)
Cadmium,Cd-F,305(21)
Cadmium,Cd-H,69.0(4)
Cadmium,Cd-I,138(21)
Cadmium,Cd-In,138
Cadmium,Cd-O,142(42)
Cadmium,Cd-S,196
Cadmium,Cd-Se,310
Calcium,Ca-Ca,14.98(46)
Calcium,Ca-Br,321(23)
Calcium,Ca-Cl,398(13)
Calcium,Ca-F,527(21)
Calcium,Ca-H,167.8
Calcium,Ca-I,285(63)
Calcium,Ca-O,464(84)
Calcium,Ca-S,314(19)
Carbon,C-C,607(21)
Carbon,H3C-CH3,368
Carbon,(CH3)2C-CH3,335
Carbon,(CH3)2C-C(CH3)2,282.4
Carbon,CH3-C6H5,389
Carbon,CH3-CH2C6H5,301
Carbon,(CH3)3C-C(CH3)3,63
Carbon,CH3-allyl,301
Carbon,CH3-vinyl,121
Carbon,CH3-C#CH,490
Carbon,CH3=CH-CH=CH2,418
Carbon,HC#C-C#CH,628
Carbon,H2C=CH2,682
Carbon,HC#CH,962
Carbon,CH3-CN,506(21)
Carbon,CH3-CH2CN,305(8)
Carbon,CH3-CH(CH3)CN,331(8)
Carbon,CH3-C(C6H5)CN(CH3),251
Carbon,CH3CH2-CH2CN,321.8(71)
Carbon,NC-CN,603(21)
Carbon,C6H5-C6H5,418
Carbon,CH3-CF3,423.4(46)
Carbon,CH3F-CH2F,368(8)
Carbon,CF3-CF3,406(13)
Carbon,CF2=CF2,318(13)
Carbon,CF3-CN,501
Carbon,CH3-CHO,314
Carbon,CH3-CO,342.7
Carbon,CH3CO-CF3,308.8
Carbon,CH3CO-COCH3,280(85)
Carbon,C6H5CO-COC6H5,277.8
Carbon,Aryl-CH2COOCH3-aryl,273.6
Carbon,C6H5CH2-COOH,284.9
Carbon,(C6H5CH2)2CH-COOH,248.5
Carbon,C-Cl,397(29)
Carbon,C-F,536(21)
Carbon,C-H,337.2(8)
Carbon,C-I,209(21)
Carbon,C-N,770(4)
Carbon,CF3-NF2,272(13)
Carbon,CH3-NH2,331(13)
Carbon,C6H5CH2-NH2,301(4)
Carbon,CH3-NHC2H5,285
Carbon,CH3-N(CH3)C6H5,272
Carbon,C6H5CH2-NHCH3,289(4)
Carbon,C6H5CH2-N(CH3)2,255(4)
Carbon,CH3-(N=NCH3),219.7
Carbon,C2H5-(N=NC2H5),209.2
Carbon,(CH3)3C-N=NC(CH3)3,182.0
Carbon,Aryl-CH2N=NCH2-aryl,157
Carbon,CF3-(N=NCF3),231.0
Carbon,H2C=NH,644(21)
Carbon,HC#N,937
Carbon,CH3-NO,174.9(38)
Carbon,C2H5-NO,175.7(54)
Carbon,C3H7-NO,167.8(75)
Carbon,(CH3)2CH-NO,171.5(54)
Carbon,C6H5-NO,215.5(42)
Carbon,NC-NO,121(13)
Carbon,Cl3C-NO,134
Carbon,F3C-NO,130
Carbon,C6F5-NO,211.3(42)
Carbon,CH3-NO2,247(8)
Carbon,C2H5-NO2,259
Carbon,C-O,1076.5(4)
Carbon,CH3-OCH3,335
Carbon,CH3-OC6H5,381
Carbon,CH3-OCH2C6H5,213
Carbon,C2H5-OC2H5,285
Carbon,C6H5CH2-OCOCH3,289
Carbon,C6H5CH2-OCOC6H5,406
Carbon,CH3CO-OCH3,280
Carbon,CH3-OSOCH3,209
Carbon,CH2=CHCH2-OSOCH3,222
Carbon,C6H5CH2-OSOCH3,749
Carbon,C=O,732
Carbon,H2C=O,532.2(4)
Carbon,OC=O,628
Carbon,SC=O,1075
Carbon,C#O,513(8)
Carbon,C-P,699(8)
Carbon,C-S,305(13)
Carbon,CH3-SH,285(8)
Carbon,CH3-SC6H5,247(8)
Carbon,CH3-SCH2C6H5,310.4
Carbon,OC-S,582(96)
Carbon,C-Se,243(21)
Cerium,Ce-Ce,582(42)
Cerium,Ce-F,519(21)
Cerium,Ce-N,795(13)
Cerium,Ce-O,573(13)
Cerium,Ce-S,495(15)
Cerium,Ce-Se,389(42)
Cerium,Ce-Te,397.5(42)
Cesium,Cs-Cs,41.75(93)
Cesium,Cs-Br,439(21)
Cesium,Cs-Cl,514(8)
Cesium,Cs-F,178.1(38)
Cesium,Cs-H,339(4)
Cesium,Cs-I,297(25)
Cesium,Cs-O,385(13)
Chlorine,Cl-Cl,242.580(16)
Chlorine,Cl-C,338(42)
Chlorine,Cl-CH3,339(21)
Chlorine,Cl-CH2Cl,213
Chlorine,Cl-C(CH3)3,328.4
Chlorine,Cl-CCl3,310(13)
Chlorine,Cl-CF3,360(33)
Chlorine,Cl-CCl2F,305(8)
Chlorine,Cl-CClF2,318(8)
Chlorine,Cl-CF2CF2,346.0(71)
Chlorine,Cl-CH=CH2,351
Chlorine,Cl-CN,439
Chlorine,Cl-COCl,328
Chlorine,Cl-COCH3,349.4
Chlorine,Cl-COC6H5,310(13)
Chlorine,Cl-Cl+,393
Chlorine,Cl-ClO,143.3(42)
Chlorine,O3Cl-ClO4,243
Chlorine,Cl-F,250.54(8)
Chlorine,O2Cl-F,255
Chlorine,Cl-N,389(50)
Chlorine,Cl-NCl,280
Chlorine,Cl-NCl2,381
Chlorine,Cl-NF2,ca. 134
Chlorine,Cl-NH2,251(25)
Chlorine,Cl-NO,159(6)
Chlorine,Cl-NO2,142(4)
Chlorine,Cl-O,272(4)
Chlorine,OCl-O,243(13)
Chlorine,O2Cl-O,201(4)
Chlorine,Cl-P,289(42)
Chlorine,Cl-SiCl3,464
Chromium,Cr-Cr,155(21)
Chromium,Cr-Br,328(24)
Chromium,Cr-Cl,366(24)
Chromium,Cr-Cu,155(21)
Chromium,Cr-F,437(20)
Chromium,Cr-Ge,170(29)
Chromium,Cr-H,280(50)
Chromium,Cr-I,287(24)
Chromium,Cr-N,378(19)
Chromium,Cr-O,427(29)
Chromium,OCr-O,531(63)
Chromium,O2Cr-O,477(84)
Chromium,Cr-S,339(21)
Cobalt,Co-Co,167(25)
Cobalt,Co-Br,331(42)
Cobalt,Co-Cl,398(8)
Cobalt,Co-Cu,162(17)
Cobalt,Co-F,435(63)
Cobalt,Co-Ge,239(25)
Cobalt,Co-I,235(81)
Cobalt,Co-O,368(21)
Cobalt,Co-S,343(21)
Copper,Cu-Cu,202(4)
Copper,Cu-Br,331(25)
Copper,Cu-Cl,383(21)
Copper,Cu-F,431(13)
Copper,Cu-Ga,216(15)
Copper,Cu-Ge,209(21)
Copper,Cu-H,280(8)
Copper,Cu-I,197(21)
Copper,Cu-Ni,206(17)
Copper,Cu-O,343(63)
Copper,Cu-S,285(17)
Copper,Cu-Se,293(38)
Copper,Cu-Sn,177(17)
Copper,Cu-Te,176(38)
Curium,Cm-O,736
Dysprosium,Dy-F,527(21)
Dysprosium,Dy-O,611(42)
Dysprosium,Dy-Se,322(42)
Dysprosium,Dy-Te,234(42)
Erbium,Er-F,565(17)
Erbium,Er-O,611(13)
Erbium,Er-S,418(42)
Erbium,Er-Se,326(42)
Erbium,Er-Te,239(42)
Europium,Eu-Eu,33.5(165)
Europium,Eu-Cl,ca. 326
Europium,Eu-F,528(18)
Europium,Eu-O,557(13)
Europium,Eu-S,364(15)
Europium,Eu-Se,243(15)
Fluorine,F-F,156.9(96)
Fluorine,F-F+,>251
Fluorine,F-CH3,452(21)
Fluorine,F-C(CH3)3,439
Fluorine,F-C6H5,485
Fluorine,F-CCl3,444(21)
Fluorine,F-CCl2F,460(25)
Fluorine,F-CClF2,490(25)
Fluorine,F-CF3,498
Fluorine,F-COCH3,272(13)
Fluorine,F-FO,81.0
Fluorine,F-N,301(42)
Fluorine,F-NF,318(25)
Fluorine,F-NF2,243(8)
Fluorine,F-NO,235.6(42)
Fluorine,F-NO2,197(25)
Gadolinium,Gd-F,590(27)
Gadolinium,Gd-O,716(17)
Gadolinium,Gd-S,525(15)
Gadolinium,Gd-Se,431(15)
Gallium,Ga-Ga,138(21)
Gallium,Ga-Br,444(17)
Gallium,(CH3)2Ga-CH3,253
Gallium,Ga-Cl,481(13)
Gallium,Ga-F,577(15)
Gallium,Ga-H,274
Gallium,Ga-I,339(10)
Gallium,Ga-O,285(63)
Gallium,Ga-P,230(13)
Gallium,Ga-Sb,209(13)
Gallium,Ga-Te,251(25)
Germanium,Ge-Ge,274(21)
Germanium,Ge-Br,255(29)
Germanium,Ge-Cl,431.8(4)
Germanium,Ge-F,485(21)
Germanium,Ge-H,321.3(8)
Germanium,Ge-O,662(13)
Germanium,Ge-S,551.0(25)
Germanium,Ge-Se,490(21)
Germanium,Ge-Si,301(21)
Germanium,Ge-Te,402(8)
Gold,Au-Au,221.3(21)
Gold,Au-B,368(11)
Gold,Au-Be,285(8)
Gold,Au-Bi,293(84)
Gold,Au-Cl,343(10)
Gold,Au-Co,215(13)
Gold,Au-Cr,215(6)
Gold,Au-Cu,232(9)
Gold,Au-Fe,187(17)
Gold,Au-Ga,294(15)
Gold,Au-Ge,277(15)
Gold,Au-H,314(10)
Gold,Au-La,80(5)
Gold,Au-Li,68.0(16)
Gold,Au-Mg,243(42)
Gold,Au-Mn,185(13)
Gold,Au-Ni,274(21)
Gold,Au-Pb,130(42)
Gold,Au-Pd,143(21)
Gold,Au-Rh,231(29)
Gold,Au-S,418(25)
Gold,Au-Si,312(12)
Gold,Au-Sn,244(17)
Gold,Au-Te,247(67)
Gold,Au-U,318(29)
Hafnium,Hf-C,548(63)
Hafnium,Hf-N,534(29)
Hafnium,Hf-O,791(8)
Hydrogen,H-H,436.002(4)
Hydrogen,H-2H or H-D,439.446(4)
Hydrogen,2H-2H or D-D,443.546(4)
Hydrogen,H-Br,365.7(21)
Hydrogen,H-C,337.2(8)
Hydrogen,H-CH,452(33)
Hydrogen,H-CH2,473(4)
Hydrogen,H-CH3,431(8)
Hydrogen,2H-C2H3 or D-CD3,442.75(25)
Hydrogen,H-C#CH,523(4)
Hydrogen,H-CH=CH2,427
Hydrogen,H-CH2CH3,410(4)
Hydrogen,H-CH2C#CH,392.9(50)
Hydrogen,H-CH2CH=CH2,356
Hydrogen,H-cyclopropyl,423(13)
Hydrogen,H-CH2CH2CH3,410(8)
Hydrogen,H-CH(CH3)2,395.4
Hydrogen,H-cyclobutyl,397(13)
Hydrogen,H-CH2CH(CH3)2,360
Hydrogen,H-CH(CH3)CH2CH3,397(4)
Hydrogen,H-C(CH3)3,381
Hydrogen,H-cyclopentadienyl,339(4)
Hydrogen,H-allyl(divinylmethyl),335(4)
Hydrogen,H-cyclopentenyl,343(4)
Hydrogen,H-CH2C(CH3)3,414(4)
Hydrogen,H-C(CH3)2CH=CH2,331
Hydrogen,H-cyclopentyl,395(42)
Hydrogen,H-CH2C(CH3)3 isomer,418(34)
Hydrogen,H-C6H5,431
Hydrogen,H-CH2C6H5,356(4)
Hydrogen,H-C(C6H5)3,314
Hydrogen,H-cyclohexyl,310
Hydrogen,H-cyclohexyl2,399.6(42)
Hydrogen,H-cycloheptyl,387.0(42)
Hydrogen,H-norbornyl,406(13)
Hydrogen,H-CH2Br,410(25)
Hydrogen,H-CHBr2,435
Hydrogen,H-CH2Cl,423
Hydrogen,H-CHCl2,414.2
Hydrogen,H-CCl3,377(8)
Hydrogen,H-CBr3,377(8)
Hydrogen,H-CCl2CHCl2,393(8)
Hydrogen,H-CH2F,423(8)
Hydrogen,H-CHF2,423(8)
Hydrogen,H-CF3,444(13)
Hydrogen,H-CF2Cl,435(4)
Hydrogen,H-CH2CF3,446(45)
Hydrogen,H-CF2CH3,416(4)
Hydrogen,H-CF2CF3,431(63)
Hydrogen,H-CF2CF2,431(8)
Hydrogen,H-CH2I,431(8)
Hydrogen,H-CHI2,431(8)
Hydrogen,H-CN,540(25)
Hydrogen,H-CH2CN,ca. 389
Hydrogen,H-CH(CH3)CN,377(8)
Hydrogen,H-C(CH3)2CN,364(8)
Hydrogen,H-CH2NH2,397(8)
Hydrogen,H-CH2Si(CH3)3,414(4)
Hydrogen,H-CH2COCH3,393(75)
Hydrogen,H-Cl,431.8(4)
Hydrogen,H-CO,126(8)
Hydrogen,H-CHO,364(4)
Hydrogen,H-COOH,377
Hydrogen,H-COCH3,364(4)
Hydrogen,H-COCH2CH3,364(4)
Hydrogen,H-furanyl,385
Hydrogen,H-COC6H5,364(4)
Hydrogen,H-COCF3,381(8)
Hydrogen,H-F,568.6(13)
Hydrogen,H-I,298.7(8)
Hydrogen,H-N,436.0
Hydrogen,H-NH,314(17)
Hydrogen,H-NH2,377(8)
Hydrogen,H-NHCH3,435(8)
Hydrogen,H-N(CH3)2,397(8)
Hydrogen,H-NHC6H5,335(13)
Hydrogen,H-N(CH3)C6H5,318(13)
Hydrogen,HNF2,310(13)
Hydrogen,H-N3,356
Hydrogen,H-NO,<205
Hydrogen,H-O,428.0(21)
Hydrogen,H-OH,498.7(8)
Hydrogen,H-OCH3,436.8(42)
Hydrogen,H-OCH2CH3,436.0
Hydrogen,H-OC(CH3)3,439(4)
Hydrogen,H-OC6H5,368(25)
Hydrogen,H-ONO,327.6(25)
Hydrogen,H-ONO2,423.4(25)
Hydrogen,H-OOH,374(8)
Hydrogen,H-OOCCH3,469(17)
Hydrogen,H-OOCCH2CH3,460(17)
Hydrogen,H-OOCC6H7,431(17)
Hydrogen,H-P,343(29)
Hydrogen,H-S,344(12)
Hydrogen,H-SH,381(4)
Hydrogen,H-SCH3,ca. 368
Hydrogen,H-Se,305(2)
Hydrogen,H-Si,298.49(46)
Hydrogen,H-SiH3,393(13)
Hydrogen,H-Si(CH3)3,377(13)
Hydrogen,H-Te,268(2)
Indium,In-In,100(8)
Indium,In-Br,418(21)
Indium,In-Cl,439(8)
Indium,In-F,506(15)
Indium,In-O,360(21)
Indium,In-P,197.9(85)
Indium,In-S,289(17)
Indium,In-Sb,152(11)
Indium,In-Se,247(17)
Indium,In-Te,218(17)
Iodine,I-I,152.549(8)
Iodine,I-Br,179.1(4)
Iodine,I-CH3,232(13)
Iodine,I-C2H5,223.8
Iodine,I-CH(CH3)2,222
Iodine,I-C(CH3)3,207.1
Iodine,I-CH2CF3,234(4)
Iodine,I-CF2CF3,216(4)
Iodine,I-C3F7,209(4)
Iodine,I-CH=CHCH3,172
Iodine,I-C6H5,268(4)
Iodine,I-C6F5,276
Iodine,I-Cl,213.3(4)
Iodine,I-COCH3,219.7
Iodine,I-CN,305(4)
Iodine,I-F,280(4)
Iodine,I-N,159(17)
Iodine,I-NO,71(4)
Iodine,I-NO2,75(4)
Iodine,I-O,184(21)
Iridium,Ir-O,352(21)
Iridium,Ir-Si,463(21)
Iron,Fe-Fe,100(21)
Iron,Fe-Br,247(96)
Iron,Fe-Cl,ca. 352
Iron,Fe-O,409(13)
Iron,Fe-S,339(21)
Iron,Fe-Si,297(25)
Krypton,Kr-Kr,5.4(8)
Krypton,Kr-F,54
Lanthanum,La-La,247(21)
Lanthanum,La-C,506(63)
Lanthanum,La-F,598(42)
Lanthanum,La-N,519(42)
Lanthanum,La-O,799(13)
Lanthanum,La-S,577(25)
Lead,Pb-Pb,339(25)
Lead,Pb-Br,247(38)
Lead,Pb(CH3)3-CH3,207(42)
Lead,Pb-Cl,301(29)
Lead,Pb-F,356(8)
Lead,Pb-H,176(21)
Lead,Pb-I,197(38)
Lead,Pb-O,378(4)
Lead,Pb-S,346.0(17)
Lead,Pb-Se,303(4)
Lead,Pb-Te,251(13)
Lithium,Li-Li,106(4)
Lithium,Li-Br,423(21)
Lithium,Li-Cl,469(13)
Lithium,Li-F,577(21)
Lithium,Li-H,247
Lithium,Li-I,352(13)
Lithium,Li-Na,88
Lithium,Li-O,341(6)
Lithium,Li-OH,427(21)
Lutetium,Lu-Lu,142(34)
Lutetium,Lu-F,569(42)
Lutetium,Lu-O,695(13)
Lutetium,Lu-S,507(15)
Lutetium,Lu-Te,326(17)
Magnesium,Mg-Mg,8.522(4)
Magnesium,Mg-Br,297(63)
Magnesium,Mg-Cl,318(13)
Magnesium,Mg-F,462(21)
Magnesium,MgF-F,569(42)
Magnesium,Mg-H,197(50)
Magnesium,Mg-I,ca. 285
Magnesium,Mg-O,394(35)
Magnesium,Mg-OH,238(21)
Magnesium,Mg-S,310(75)
Manganese,Mn-Mn,42(29)
Manganese,Mn-Br,314(10)
Manganese,Mn-Cl,361(10)
Manganese,Mn-F,423(15)
Manganese,Mn-I,283(10)
Manganese,Mn-Cu,159(17)
Manganese,Mn-O,402(34)
Manganese,Mn-S,301(17)
Manganese,Mn-Se,201(13)
Mercury,Hg-Hg,17.2(21)
Mercury,Hg-Br,72.8(42)
Mercury,CH3-HgCH3,240.6
Mercury,C2H5-HgC2H5,182.8(42)
Mercury,C3H7-HgC3H7,197.1
Mercury,Isopropyl-Hgisopropyl,170.3
Mercury,C6H5-HgC6H5,285
Mercury,Hg-Cl,100(8)
Mercury,Hg-F,130(38)
Mercury,Hg-H,39.8
Mercury,Hg-I,38
Mercury,Hg-K,8.24(21)
Mercury,Hg-Na,>6.7
Mercury,Hg-S,213
Mercury,Hg-Se,(167)
Mercury,Hg-Te,(142)
Molybdenum,Mo-I,372
Molybdenum,Mo-O,607(34)
Molybdenum,MoO-O,678(84)
Molybdenum,MoO2-O,565(84)
Neodymium,Nd-F,545(13)
Neodymium,Nd-O,703(34)
Neodymium,Nd-S,474(15)
Neodymium,Nd-Se,385(17)
Neodymium,Nd-Te,305(17)
Neon,Ne-Ne,3.93
Neptunium,Np-O,720(29)
Nickel,Ni-Ni,261.9(25)
Nickel,Ni-Br,360(13)
Nickel,Ni-Cl,372(21)
Nickel,Ni-F,435
Nickel,Ni-H,289(13)
Nickel,Ni-I,293(21)
Nickel,Ni-O,391.6(38)
Nickel,Ni-S,360(21)
Nickel,Ni-Si,318(17)
Niobium,Nb-O,753(13)
Nitrogen,N-N,945.33(59)
Nitrogen,N-Br,276(21)
Nitrogen,ON-Br,28.7(15)
Nitrogen,ON-Cl,389(50)
Nitrogen,O2N-Cl,159(6)
Nitrogen,N-F,142(4)
Nitrogen,FN-F,301(42)
Nitrogen,F2F-N,318(21)
Nitrogen,ON-F,243(8)
Nitrogen,O2N-F,236(4)
Nitrogen,N-I,188(21)
Nitrogen,F2N-NF2,159(17)
Nitrogen,H2N-NH2,88(4)
Nitrogen,H2N-NHCH3,297(8)
Nitrogen,H2N-N(CH3)2,271
Nitrogen,H2N-NHC6H5,264
Nitrogen,HN-N2,213
Nitrogen,ON-N,38
Nitrogen,ON-NO2,480.7(42)
Nitrogen,O2N-NO2,39.8(8)
Nitrogen,HN=NH,57.3(21)
Nitrogen,N#N,946
Nitrogen,N-O,630.57(13)
Nitrogen,HN=O,481
Nitrogen,NN-O,167
Nitrogen,ON-O,305
Nitrogen,N-P,617(21)
Nitrogen,N-S,464(21)
Osmium,O3Os-O,301(21)
Oxygen,O-O,498.34(20)
Oxygen,O-Br,235.1(4)
Oxygen,HO-CH3,377(13)
Oxygen,HO-CH=CH2,364
Oxygen,HO-C6H5,456
Oxygen,HO-CH2C6H5,431
Oxygen,HO-CHO,322
Oxygen,HO-COCH3,402(13)
Oxygen,HO-COC2H5,452(21)
Oxygen,O-Cl,180
Oxygen,HO-Cl,272(4)
Oxygen,O-F,251(13)
Oxygen,O-FO,222(17)
Oxygen,FO-OF,467
Oxygen,O-I,261(84)
Oxygen,HO-I,184(21)
Oxygen,O-N,234(13)
Oxygen,HO-NCH3,630.57(13)
Oxygen,HO-OC(CH3)3,209
Oxygen,HO-OH,192(8)
Oxygen,O-OH,213.8(21)
Oxygen,CF3O-OCF3,268(4)
Oxygen,CH3O-OCH3,192
Oxygen,C2H5O-OC2H5,157.3(8)
Oxygen,C3H7O-OC3H7,159
Oxygen,,155
Palladium,Pd-O,234(29)
Phosphorus,P-P,490(11)
Phosphorus,P-Br,266.5
Phosphorus,P-C,513(8)
Phosphorus,P-Cl,289(42)
Phosphorus,P-F,439(96)
Phosphorus,P-H,343(29)
Phosphorus,P-N,617(21)
Phosphorus,P-O,596.6
Phosphorus,Br3P=O,498(21)
Phosphorus,Cl3P=O,510(21)
Phosphorus,F3P=O,544(21)
Phosphorus,P-S,346.0(17)
Phosphorus,P=S,347
Phosphorus,P-Se,363(10)
Phosphorus,P-Te,298(10)
Platinum,Pt-B,478(17)
Platinum,Pt-H,352(38)
Platinum,Pt-O,347(34)
Platinum,Pt-P,417(17)
Platinum,Pt-Si,501(18)
Potassium,K-K,57.3(42)
Potassium,K-Br,383(8)
Potassium,K-Cl,427(8)
Potassium,K-F,497.5(25)
Potassium,K-H,183(15)
Potassium,K-I,331(13)
Potassium,K-Na,63.6(29)
Potassium,K-O,239(34)
Potassium,K-OH,343(8)
Praseodymium,Pr-F,582(46)
Praseodymium,Pr-O,753(17)
Praseodymium,Pr-S,492.5(46)
Praseodymium,Pr-Se,446(23)
Praseodymium,Pr-Te,326(42)
Promethium,Pm-F,540(42)
Promethium,Pm-O,674(63)
Promethium,Pm-S,423(63)
Promethium,Pm-Se,339(63)
Promethium,Pm-Te,255(63)
Radium,Ra-Cl,343(75)
Rhodium,Rh-Rh,285(21)
Rhodium,Rh-B,476(21)
Rhodium,Rh-C,583.7(63)
Rhodium,Rh-O,377(63)
Rhodium,Rh-Si,395(18)
Rhodium,Rh-Ti,391(15)
Rubidium,Rb-Rb,45.6(21)
Rubidium,Rb-Br,389(13)
Rubidium,Rb-Cl,448(21)
Rubidium,Rb-F,494(21)
Rubidium,Rb-H,167(21)
Rubidium,Rb-I,335.3(13)
Rubidium,Rb-O,255(84)
Rubidium,Rb-OH,351(8)
Ruthenium,Ru-O,481(63)
Ruthenium,O3Ru-O,439
Ruthenium,Ru-Si,397(21)
Ruthenium,Ru-Th,592(42)
Samarium,Sm-Cl,423(13)
Samarium,Sm-F,531(18)
Samarium,Sm-O,619(13)
Samarium,Sm-S,389
Samarium,Sm-Se,331(15)
Samarium,Sm-Te,272(15)
Scandium,Sc-Sc,163(21)
Scandium,Sc-Br,444(63)
Scandium,Sc-C,393(63)
Scandium,Sc-Cl,318
Scandium,Sc-F,589(13)
Scandium,Sc-N,469(84)
Scandium,Sc-O,674(13)
Scandium,Sc-S,478(13)
Scandium,Sc-Se,385(17)
Scandium,Sc-Te,289(17)
Selenium,Se-Se,332.6(4)
Selenium,Se-Br,297(84)
Selenium,Se-C,582(96)
Selenium,Se-Cl,322
Selenium,Se-F,339(42)
Selenium,Se-H,305(2)
Selenium,Se-N,381(63)
Selenium,Se-O,423(13)
Selenium,Se-P,364(10)
Selenium,Se-S,381(21)
Selenium,Se-Si,531(25)
Selenium,Se-Te,268(8)
Silicon,Si-Si,327(10)
Silicon,Si-Br,343(50)
Silicon,Si-C,435(21)
Silicon,Si-Cl,456(42)
Silicon,Si-F,540(13)
Silicon,Si-H,298.49(46)
Silicon,Si-I,339(84)
Silicon,Si-N,439(38)
Silicon,Si-O,798(8)
Silicon,Si-S,619(13)
Silicon,Si-Se,531(25)
Silicon,H3Si-SiH3,339(17)
Silicon,(CH3)3Si-Si(CH3)3,339
Silicon,(Aryl)3Si-Si(aryl)3,368(31)
Silicon,Si-Te,506(38)
Silver,Ag-Ag,163(8)
Silver,Ag-Au,203(9)
Silver,Ag-Bi,193(42)
Silver,Ag-Br,293(29)
Silver,Ag-Cl,341.4
Silver,Ag-Cu,176(8)
Silver,Ag-F,354(16)
Silver,Ag-Ga,180(15)
Silver,Ag-Ge,175(21)
Silver,Ag-H,226(8)
Silver,Ag-I,234(29)
Silver,Ag-In,176(17)
Silver,Ag-O,213(84)
Silver,Ag-Sn,136(21)
Silver,Ag-Te,293(96)
Sodium,Na-Na,77.0
Sodium,Na-Br,370(13)
Sodium,Na-Cl,410(8)
Sodium,Na-F,481(13)
Sodium,Na-H,201(21)
Sodium,Na-I,301(8)
Sodium,Na-K,63.6(29)
Sodium,Na-O,257(17)
Sodium,Na-OH,381(13)
Sodium,Na-Rb,59(4)
Strontium,Sr-Br,332(19)
Strontium,Sr-Cl,406(13)
Strontium,Sr-F,542(7)
Strontium,Sr-H,163(8)
Strontium,Sr-I,263(42)
Strontium,Sr-O,454(15)
Strontium,Sr-OH,381(42)
Strontium,Sr-S,314(21)
Sulfur,S-S,429(6)
Sulfur,S-Cl,255
Sulfur,S-F,343(5)
Sulfur,O2S-F,71
Sulfur,S-N,464(21)
Sulfur,S-O,521.70(13)
Sulfur,OS-O,551.4(84)
Sulfur,O2S-O,348.1(42)
Sulfur,HS-SH,272(21)
Tantalum,Ta-N,611(84)
Tantalum,Ta-O,805(13)
Tellurium,Te-B,354(20)
Tellurium,Te-H,268(2)
Tellurium,Te-I,193(42)
Tellurium,Te-O,391(8)
Tellurium,Te-P,298(10)
Tellurium,Te-S,339(21)
Tellurium,Te-Se,268(8)
Terbium,Tb-F,561(42)
Terbium,Tb-O,707(13)
Terbium,Tb-S,515(42)
Terbium,Tb-Te,339(42)
Thallium,Tl-Tl,63
Thallium,Tl-Br,333.9(17)
Thallium,Tl-Cl,372.8(21)
Thallium,Tl-F,445(19)
Thallium,Tl-H,188(8)
Thallium,Tl-I,272(8)
Thorium,Th-Th,289
Thorium,Th-C,484(25)
Thorium,Th-N,577.4(21)
Thorium,Th-O,854(13)
Thorium,Th-P,377
Thulium,Tm-F,569(42)
Thulium,Tm-O,557(13)
Thulium,Tm-S,368(42)
Thulium,Tm-Se,276(42)
Thulium,Tm-Te,276(42)
Tin,Sn-Sn,195(17)
Tin,Sn-Br,339(4)
Tin,BrSn-Br,326
Tin,Br3Sn-Br,272
Tin,(C2H5)3Sn-C2H5,ca. 238
Tin,Sn-Cl,406(13)
Tin,Sn-F,467(13)
Tin,Sn-H,267(17)
Tin,Sn-I,234(42)
Tin,Sn-O,548(21)
Tin,Sn-S,464(3)
Tin,Sn-Se,401.3(59)
Tin,Sn-Te,319.2(8)
Titanium,Ti-Ti,141(21)
Titanium,Ti-Br,439
Titanium,Ti-C,435(25)
Titanium,Ti-Cl,494
Titanium,Ti-F,569(34)
Titanium,Ti-H,ca. 159
Titanium,Ti-I,310(42)
Titanium,Ti-N,464
Titanium,Ti-O,662(16)
Titanium,Ti-S,426(8)
Titanium,Ti-Se,381(42)
Titanium,Ti-Te,289(17)
Tungsten,W-Cl,423(42)
Tungsten,W-F,548(63)
Tungsten,W-O,653(25)
Tungsten,OW-O,632(84)
Tungsten,O2W-O,598(42)
Tungsten,W-P,305(4)
Uranium,U-O,761(17)
Uranium,OU-O,678(59)
Uranium,O2U-O,644(88)
Uranium,U-S,523(10)
Vanadium,V-V,242(21)
Vanadium,V-Br,439(42)
Vanadium,V-C,469(63)
Vanadium,V-Cl,477(63)
Vanadium,V-F,590(63)
Vanadium,V-N,477(8)
Vanadium,V-O,644(21)
Vanadium,V-S,490(16)
Vanadium,V-Se,347(21)
Xenon,Xe-Xe,6.53(30)
Xenon,Xe-F,13.0(4)
Xenon,Xe-O,36.4
Ytterbium,Yb-Cl,322
Ytterbium,Yb-F,521(10)
Ytterbium,Yb-H,159(38)
Ytterbium,Yb-O,397.9(63)
Ytterbium,Yb-S,167
Yttrium,Y-Y,159(21)
Yttrium,Y-Br,485(84)
Yttrium,Y-C,418(63)
Yttrium,Y-Cl,527(42)
Yttrium,Y-F,605(21)
Yttrium,Y-N,481(63)
Yttrium,Y-O,715.1(30)
Yttrium,Y-S,528(11)
Yttrium,Y-Se,435(13)
Yttrium,Y-Te,339(13)
Zinc,Zn-Zn,29
Zinc,Zn-Br,142(29)
Zinc,C2H5C-C2H5,ca. 201
Zinc,Zn-Cl,229(20)
Zinc,Zn-F,368(63)
Zinc,Zn-H,85.8(21)
Zinc,Zn-I,138(29)
Zinc,Zn-O,284.1
Zinc,Zn-S,205(13)
Zinc,Zn-Se,136(13)
Zinc,Zn-Te,205
Zirconium,Zr-C,561(25)
Zirconium,Zr-F,623(63)
Zirconium,Zr-N,565(25)
Zirconium,Zr-O,760(8)
Zirconium,Zr-S,575(17)
